N288,Dian_L288,WDian288,Dian_E288,Gina_L288,WGina288,Gina_E288,Juan_L288,WJuan288,Juan_E288,Luci_L288,WLuci288,Luci_E288,Pac_L288,WPac288,Pac_E288,Sol_L288,WSol288,Sol_E288,Viv_L288,WViv288,Viv_E288
1,11,466,23.3,29,444,22.2,8,435,21.75,16.6,503,25.15,19.6,382,19.1,11.6,423,21.15,5,519,25.95
2,12.2,466.3568571,23.31784286,18.9,444.30589,22.2152945,3.4,435.4559699,21.7727985,19.8,500.9006287,25.04503143,21,382,19.1,13,422.8641035,21.14320518,13.2,516.8744388,25.84372194
3,22,466.7134932,23.33567466,22,444.6118782,22.23059391,6,435.9123149,21.79561574,16.6,498.8020984,24.94010492,13.8,382,19.1,16.6,422.728159,21.13640795,13.2,514.749617,25.73748085
4,21,467.0696873,23.35348436,20.4,444.9180632,22.24590316,9.4,436.3694099,21.81847049,19,496.7052505,24.83526252,18.6,382,19.1,16.8,422.5921186,21.12960593,15.4,512.6262739,25.6313137
5,21.6,467.4252182,23.37126091,20,445.2245432,22.26122716,7.2,436.8276299,21.8413815,18,494.6109258,24.73054629,18.8,382,19.1,18.7,422.4559343,21.12279672,17,510.505149,25.52525745
6,22,467.7798651,23.38899325,17.6,445.5314164,22.27657082,10,437.28735,21.8643675,16.4,492.5199657,24.62599828,21.2,382,19.1,16,422.3195581,21.11597791,13.6,508.3869816,25.41934908
7,22,468.1334068,23.40667034,19,445.8387814,22.29193907,7,437.7489453,21.88744726,19.8,490.4332111,24.52166056,20,382,19.1,3,422.1829421,21.1091471,13.6,506.2725111,25.31362556
8,21,468.4856223,23.42428111,24.5,446.1467363,22.30733682,7.6,438.2127906,21.91063953,18.4,488.3515033,24.41757516,16.2,382,19.1,17.2,422.0460382,21.10230191,14.7,504.1624769,25.20812385
9,21,468.8362905,23.44181453,19,446.4553796,22.32276898,12.4,438.6792611,21.93396306,18,486.2756833,24.31378416,17.4,382,19.1,20.4,421.9087986,21.09543993,16,502.0576183,25.10288092
10,20,469.1851906,23.45925953,30,446.7648095,22.33824048,9,439.1487318,21.95743659,19.4,484.2065922,24.21032961,15.4,382,19.1,20,421.7711752,21.08855876,14.8,499.9586748,24.99793374
11,21.4,469.5321013,23.47660507,22.4,447.0751244,22.35375622,8.6,439.6215776,21.98107888,17.6,482.1450712,24.10725356,20.2,382,19.1,18.2,421.63312,21.081656,17.2,497.8663857,24.89331928
12,19.6,469.8768018,23.49384009,23,447.3864227,22.36932113,6.2,440.0981736,22.00490868,19.2,480.0919614,24.00459807,14.8,382,19.1,15.6,421.4945852,21.07472926,18.2,495.7814904,24.78907452
13,20.4,470.2190709,23.51095355,21.5,447.6988026,22.38494013,8,440.5788949,22.02894475,20,478.0481039,23.9024052,16.8,382,19.1,6.2,421.3555227,21.06777613,15.6,493.7047282,24.68523641
14,15,470.5586877,23.52793438,11.8,448.0123625,22.40061812,9,441.0641164,22.05320582,18.2,476.0143399,23.80071699,18.4,382,19.1,12.2,421.2158846,21.06079423,18.2,491.6368386,24.58184193
15,20.4,470.895431,23.54477155,24,448.3272007,22.41636004,9,441.5542132,22.07771066,19.4,473.9915104,23.69957552,22.4,382,19.1,14.8,421.0756228,21.05378114,18.6,489.578561,24.47892805
16,21.2,471.2290799,23.561454,24.4,448.6434156,22.43217078,10.6,442.0495602,22.10247801,19.4,471.9804565,23.59902283,17.4,382,19.1,14.8,420.9346895,21.04673447,17.4,487.5306346,24.37653173
17,19,471.5594134,23.57797067,24.6,448.9611054,22.44805527,9,442.5505326,22.12752663,15.8,469.9820194,23.49910097,15.2,382,19.1,16.2,420.7930366,21.03965183,17.2,485.4937989,24.27468995
18,20,471.8862104,23.59431052,23.1,449.2803686,22.46401843,10.8,443.0575053,22.15287526,18,467.9970403,23.39985201,14,382,19.1,16,420.6506162,21.03253081,16.2,483.4687934,24.17343967
19,22.2,472.2092498,23.61046249,22.1,449.6013035,22.48006517,8.6,443.5708533,22.17854267,18,466.0263601,23.30131801,13,382,19.1,13.8,420.5073804,21.02536902,16,481.4563572,24.07281786
20,14.9,472.5283107,23.62641554,24.8,449.9240083,22.49620041,8.4,444.0909517,22.20454759,17.6,464.0708202,23.20354101,15.2,382,19.1,15.6,420.3632811,21.01816405,16,479.4572299,23.97286149
21,21,472.843172,23.6421586,25.2,450.2485814,22.51242907,8.8,444.6181755,22.23090878,18,462.1312614,23.10656307,18.8,382,19.1,16.6,420.2182703,21.01091352,11.1,477.4721508,23.87360754
22,14.6,473.1536127,23.65768064,25,450.5751212,22.52875606,8.3,445.1528997,22.25764498,20,460.2085251,23.01042625,16.4,382,19.1,19,420.0723002,21.00361501,18.2,475.5018593,23.77509296
23,25.2,473.4594118,23.67297059,20.2,450.903726,22.5451863,9,445.6954993,22.28477497,18,458.3034522,22.91517261,16.4,382,19.1,15.6,419.9253227,20.99626613,15,473.5470947,23.67735474
24,23,473.7603482,23.68801741,23.2,451.2344941,22.5617247,9,446.2463494,22.31231747,17.2,456.416884,22.8208442,16.6,382,19.1,13.4,419.7772898,20.98886449,13.8,471.6085965,23.58042983
25,22,474.0562009,23.70281004,24,451.5675238,22.57837619,9,446.8058249,22.34029125,15,454.5496615,22.72748307,16.6,382,19.1,14.6,419.6281537,20.98140768,16,469.687104,23.4843552
26,22.8,474.3467488,23.71733744,20.5,451.9029135,22.59514568,8,447.3743009,22.36871505,17,452.7026258,22.63513129,10.8,382,19.1,13.8,419.4778663,20.97389331,14.4,467.7833567,23.38916783
27,22.6,474.631771,23.73158855,18.2,452.2407615,22.61203808,8.8,447.9521524,22.39760762,18,450.8766182,22.54383091,17,382,19.1,16.8,419.3263796,20.96631898,10.6,465.8980938,23.29490469
28,21.6,474.9110464,23.74555232,15.6,452.5811662,22.62905831,7.4,448.5397545,22.42698772,19,449.0724796,22.45362398,19.2,382,19.1,17,419.1736457,20.95868229,16,464.0320548,23.20160274
29,20,475.1843539,23.7592177,19,452.9242259,22.64621129,9,449.1374821,22.4568741,19,447.2910512,22.36455256,15.4,382,19.1,16.4,419.0196167,20.95098083,15.2,462.185979,23.10929895
30,22.6,475.4514726,23.77257363,20.2,453.2700388,22.66350194,6.3,449.7457103,22.48728551,20,445.5331742,22.27665871,21.4,382,19.1,17.2,418.8642445,20.94321222,16,460.3606058,23.01803029
31,18.8,475.7121814,23.78560907,21,453.6187034,22.68093517,7.8,450.364814,22.5182407,19.2,443.7996896,22.18998448,21.2,382,19.1,16.8,418.7074811,20.93537406,15.4,458.5566747,22.92783373
32,21,475.9662593,23.79831297,20.8,453.970318,22.6985159,6.2,450.9951684,22.54975842,19.2,442.0914386,22.10457193,20.4,382,19.1,16.6,418.5492787,20.92746393,11.6,456.7749249,22.83874624
33,22,476.2134853,23.81067426,19,454.3249809,22.71624905,8.6,451.6371484,22.58185742,19,440.4092623,22.02046311,18.2,382,19.1,18.2,418.3895892,20.91947946,16.8,455.0160959,22.75080479
34,20,476.4536382,23.82268191,24,454.6827905,22.73413952,9,452.291129,22.61455645,16.2,438.7540017,21.93770009,18.2,382,19.1,18,418.2283647,20.91141823,14.8,453.280927,22.66404635
35,20.8,476.6864972,23.83432486,24,455.043845,22.75219225,7.6,452.9574853,22.64787427,18.2,437.1264982,21.85632491,22,382,19.1,19.6,418.0655572,20.90327786,16,451.5701577,22.57850788
36,23,476.9118411,23.84559205,19.65,455.4082428,22.77041214,8,453.6365923,22.68182962,18.8,435.5275926,21.77637963,22,382,19.1,13.8,417.9011187,20.89505593,17.2,449.8845272,22.49422636
37,28,477.1294489,23.85647245,18,455.7760822,22.78880411,9,454.3288251,22.71644125,18.4,433.9581262,21.69790631,19.6,382,19.1,20.6,417.7350012,20.88675006,17.8,448.224775,22.41123875
38,24,477.3390997,23.86695498,22,456.1474616,22.80737308,9,455.0345585,22.75172793,21,432.4189401,21.62094701,20.8,382,19.1,18.2,417.5671569,20.87835784,14.2,446.5916405,22.32958203
39,21.4,477.5405723,23.87702861,20,456.5224794,22.82612397,10,455.7541677,22.78770838,19.4,430.9108754,21.54554377,18,382,19.1,17.4,417.3975377,20.86987688,18.8,444.985863,22.24929315
40,21.6,477.7336457,23.88668228,23,456.9012337,22.84506169,9,456.4880277,22.82440138,15.6,429.4347733,21.47173866,18.2,382,19.1,20.8,417.2260956,20.86130478,19.8,443.408182,22.1704091
41,24.4,477.9180989,23.89590495,19.5,457.2838231,22.86419115,10,457.2365134,22.86182567,19,427.9914747,21.39957374,10,382,19.1,17.8,417.0527827,20.85263914,16.2,441.8593367,22.09296684
42,18,478.093711,23.90468555,21.5,457.6703457,22.88351728,8,458,22.9,19.2,426.581821,21.32909105,18.6,382,19.1,21.4,416.877551,20.84387755,16,440.3400666,22.01700333
43,19,478.2602607,23.91301304,19,458.0609,22.903045,9.8,458.7784439,22.93892219,19.8,425.2066531,21.26033265,17.8,382,19.1,19.8,416.7003526,20.83501763,8.6,438.8511111,21.94255556
44,22.6,478.4175272,23.92087636,17.8,458.4555842,22.92277921,9.3,459.5701273,22.97850636,13.8,423.8668122,21.19334061,19,382,19.1,22.6,416.5211394,20.82605697,16.4,437.3932095,21.86966048
45,19.4,478.5652893,23.92826447,19.8,458.8544967,22.94272484,10,460.372914,23.0186457,17.4,422.5631394,21.12815697,15,382,19.1,17.6,416.3398635,20.81699318,16.2,435.9671012,21.79835506
46,16,478.7033261,23.93516631,18,459.2577359,22.96288679,8.8,461.1846677,23.05923339,13.2,421.2964759,21.06482379,19.4,382,19.1,19,416.156477,20.80782385,16.8,434.5735256,21.72867628
47,20,478.8314166,23.94157083,16,459.6654,22.98327,9.2,462.0032522,23.10016261,15.2,420.0676627,21.00338313,18,382,19.1,17.8,415.9709318,20.79854659,18.3,433.2132221,21.66066111
48,19.6,478.9493396,23.94746698,17,460.0775874,23.00387937,9,462.8265312,23.14132656,14,418.877541,20.94387705,14.6,382,19.1,15.6,415.78318,20.789159,13.8,431.8869301,21.5943465
49,20.6,479.0568742,23.95284371,15,460.4943965,23.02471982,8.8,463.6523683,23.18261842,18.8,417.7269518,20.88634759,18,382,19.1,17,415.5931737,20.77965868,16.8,430.5953888,21.52976944
50,18,479.1537993,23.95768996,19.6,460.9159255,23.04579627,8.6,464.4786275,23.22393137,20.6,416.6167364,20.83083682,18.2,382,19.1,14.8,415.4008648,20.77004324,20.2,429.3393378,21.46696689
51,16.4,479.2398939,23.96199469,18.4,461.3422728,23.06711364,8.4,465.3031723,23.26515861,19.2,415.5477358,20.77738679,16.8,382,19.1,16.4,415.2062053,20.76031027,15,428.1195164,21.40597582
52,22.2,479.314937,23.96574685,20.2,461.7735367,23.08867684,9,466.1238665,23.30619332,16.8,414.5207912,20.72603956,19,382,19.1,15.4,415.0091474,20.75045737,16,426.9366639,21.34683319
53,16.4,479.3787075,23.96893537,18,462.2098156,23.11049078,7,466.9385738,23.34692869,19.2,413.5367436,20.67683718,18,382,19.1,17,414.809643,20.74048215,21,425.7915198,21.28957599
54,19,479.4309844,23.97154922,20,462.6512078,23.13256039,8.2,467.745158,23.3872579,18.6,412.5964343,20.62982171,20,382,19.1,17.4,414.6076442,20.73038221,18.4,424.6848234,21.23424117
55,20,479.4715467,23.97357733,18,463.0978116,23.15489058,8.8,468.5414827,23.42707414,18.6,411.7007042,20.58503521,8,382,19.1,16.8,414.403103,20.72015515,11.4,423.6173141,21.18086571
56,22,479.5001733,23.97500867,16.2,463.5497254,23.17748627,8,469.3254118,23.46627059,17.8,410.8503946,20.54251973,19.8,382,19.1,17,414.1959715,20.70979857,12.7,422.5897313,21.12948657
57,20.6,479.5166433,23.97583216,19.4,464.0070474,23.20035237,8,470.094809,23.50474045,20.6,410.0463465,20.50231732,18.2,382,19.1,15,413.9862016,20.69931008,14.4,421.6028144,21.08014072
58,20.4,479.5207355,23.97603678,17.2,464.4698761,23.2234938,7.2,470.8475379,23.5423769,19.6,409.289401,20.46447005,17.6,382,19.1,13.2,413.7737454,20.68868727,18,420.6573027,21.03286514
59,18.4,479.512229,23.97561145,21,464.9383097,23.24691549,9,471.5814624,23.57907312,16.8,408.5803331,20.42901666,17,382,19.1,17,413.5585549,20.67792775,22.6,419.7539357,20.98769678
60,16.6,479.4909027,23.97454514,20.8,465.4124466,23.27062233,8.8,472.294446,23.6147223,17.8,407.9189251,20.39594625,17.6,382,19.1,12,413.3405822,20.66702911,19.05,418.8934526,20.94467263
61,21.6,479.4565356,23.97282678,19.6,465.8923852,23.29461926,8,472.9843527,23.64921764,19.4,407.3041953,20.36520976,19.6,382,19.1,15.4,413.1197793,20.65598896,18,418.076593,20.90382965
62,20,479.4089067,23.97044534,19.2,466.3782236,23.31891118,8.8,473.6490461,23.6824523,16.6,406.7351424,20.33675712,17.2,382,19.1,17.4,412.8960981,20.64480491,18,417.3040961,20.8652048
63,21,479.3477949,23.96738975,18.4,466.8700604,23.34350302,9.6,474.2863898,23.71431949,15.4,406.2107652,20.31053826,15.8,382,19.1,16,412.6694909,20.63347454,17,416.5767013,20.82883507
64,17.2,479.2729792,23.96364896,17.6,467.3679938,23.36839969,9.2,474.8942478,23.74471239,15.4,405.7300623,20.28650312,16.6,382,19.1,8.5,412.4399095,20.62199547,18,415.8951481,20.7947574
65,21.8,479.1842386,23.95921193,19,467.8721221,23.39360611,8.6,475.4704836,23.77352418,15,405.2920327,20.26460163,8.2,382,19.1,12.4,412.207306,20.6103653,17.2,415.2601757,20.76300879
66,18,479.081352,23.9540676,19,468.3825437,23.41912719,8.4,476.0129611,23.80064805,15,404.8956748,20.24478374,18.2,382,19.1,12,411.9716324,20.59858162,20,414.6725237,20.73362618
67,21.6,478.9640984,23.94820492,20,468.899357,23.44496785,11,476.5195439,23.82597719,14.8,404.5399876,20.22699938,16.4,382,19.1,11.6,411.7328408,20.58664204,15.4,414.1329313,20.70664656
68,17,478.8322568,23.94161284,18.6,469.4226601,23.47113301,7.4,476.9880958,23.84940479,16.2,404.2239697,20.21119849,17.8,382,19.1,15,411.4908832,20.57454416,17.8,413.6421379,20.6821069
69,19,478.6856061,23.93428031,19,469.9525516,23.49762758,7,477.4164805,23.87082402,15,403.9466199,20.19733099,19,382,19.1,16,411.2457117,20.56228558,15.4,413.200883,20.66004415
70,19.6,478.5239254,23.92619627,18.6,470.4891297,23.52445648,4.8,477.8025617,23.89012808,15.4,403.7069369,20.18534684,16.4,382,19.1,16.4,410.9972782,20.54986391,18,412.8099059,20.64049529
71,18,478.3469936,23.91734968,19.4,471.0324927,23.55162463,6,478.1442032,23.90721016,16.4,403.5039194,20.17519597,16.8,382,19.1,13.6,410.7455347,20.53727674,15.1,412.4699459,20.6234973
72,17.6,478.1545896,23.90772948,19.2,471.582739,23.57913695,7.9,478.4392687,23.92196344,15.5,403.3365661,20.16682831,16.2,382,19.1,14.2,410.4904334,20.52452167,16.2,412.1817425,20.60908713
73,21.2,477.9464939,23.8973247,19,472.1399655,23.60699827,7.8,478.6856219,23.9342811,17.4,403.2038759,20.16019379,15.8,382,19.1,13.8,410.2319263,20.51159631,16.8,411.9460296,20.59730148
74,19,477.7226748,23.88613374,20.2,472.7040985,23.63520493,7,478.8811266,23.94405633,17,403.1048473,20.15524237,15.8,382,19.1,15.6,409.9699653,20.49849827,16.8,411.7628855,20.58814428
75,19.6,477.4834644,23.87417322,20.4,473.2747333,23.66373666,7.4,479.0236465,23.95118233,12.2,403.0384793,20.15192396,15.6,382,19.1,15.2,409.7045026,20.48522513,13,411.6311149,20.58155575
76,20.2,477.2292369,23.86146185,20,473.8514268,23.69257134,6.2,479.1110453,23.95555227,13.5,403.0037704,20.15018852,14.3,382,19.1,15.2,409.43549,20.4717745,13.9,411.5493763,20.57746882
77,20.8,476.9603667,23.84801833,17,474.4337361,23.72168681,6.4,479.1411868,23.95705934,15.6,402.9997195,20.14998597,9,382,19.1,11.2,409.1628798,20.45814399,17,411.5163281,20.57581641
78,13.6,476.6772278,23.83386139,18.4,475.0212184,23.75106092,6,479.1119346,23.95559673,15.2,403.0253252,20.15126626,15,382,19.1,13.2,408.8866238,20.44433119,15.4,411.5306288,20.57653144
79,18.4,476.3801944,23.81900972,18.2,475.6134306,23.78067153,6.6,479.0211525,23.95105763,12.8,403.0795863,20.15397931,16,382,19.1,10.6,408.6066742,20.43033371,18,411.5909367,20.57954683
80,20.6,476.0696407,23.80348203,21,476.2099299,23.81049649,7,478.8667043,23.94333522,14.8,403.1615015,20.15807508,16,382,19.1,8.2,408.3229829,20.41614915,15.2,411.6959104,20.58479552
81,18.4,475.7459409,23.78729704,19.2,476.8102732,23.84051366,7.4,478.6464537,23.93232268,14.4,403.2700696,20.16350348,14.4,382,19.1,15.4,408.035502,20.4017751,15.8,411.8442082,20.59221041
82,21.2,475.4094692,23.77047346,21.8,477.4140178,23.87070089,7.6,478.3582643,23.91791322,14.6,403.4042893,20.17021446,14,382,19.1,12.2,407.7441836,20.38720918,15.3,412.0344887,20.60172444
83,16.6,475.0605998,23.75302999,21.4,478.0207205,23.90103603,8,478,23.9,15.2,403.5631593,20.17815796,14.2,382,19.1,14.2,407.4489796,20.37244898,14.2,412.2654102,20.61327051
84,15,474.6997068,23.73498534,18.8,478.6299386,23.93149693,8.4,477.5705596,23.87852798,19,403.7456783,20.18728392,13.8,382,19.1,18.4,407.1498421,20.3574921,15.6,412.5356313,20.62678156
85,15.6,474.3271644,23.71635822,20,479.2412291,23.96206145,6,477.0729865,23.85364932,14.6,403.9508451,20.19754226,15.8,382,19.1,14.6,406.8467231,20.34233615,15.5,412.8438103,20.64219052
86,14.8,473.9433469,23.69716735,20.4,479.854149,23.99270745,8,476.5113589,23.82556794,16.4,404.1776585,20.20888292,14.8,382,19.1,15,406.5395746,20.32697873,17.8,413.1886057,20.65943029
87,14.8,473.5486284,23.67743142,22,480.4682554,24.02341277,7,475.8897553,23.79448777,9.7,404.4251171,20.22125585,14.8,382,19.1,14.6,406.2283487,20.31141743,15.2,413.5686759,20.6784338
88,16.8,473.1433831,23.65716916,20,481.0831055,24.05415527,6.2,475.2122542,23.76061271,13.2,404.6922197,20.23461098,12.6,382,19.1,13.4,405.9129974,20.29564987,15.6,413.9826795,20.69913397
89,17.6,472.7279852,23.63639926,21.2,481.6982561,24.08491281,7,474.482934,23.7241467,10.8,404.977965,20.24889825,14,382,19.1,14,405.5934727,20.27967364,15.2,414.4292747,20.72146373
90,20.4,472.3028089,23.61514044,19,482.3132645,24.11566323,8,473.705873,23.68529365,16,405.2813517,20.26406759,14.4,382,19.1,15,405.2697267,20.26348634,14,414.9071201,20.745356
91,19,471.8682283,23.59341141,20.3,482.9276877,24.14638439,8.2,472.8851497,23.64425749,16,405.6013787,20.28006893,13.8,382,19.1,15.6,404.9417114,20.24708557,16,415.4148741,20.7707437
92,15.4,471.4246176,23.57123088,19,483.5410828,24.17705414,8.4,472.0248426,23.60124213,18.2,405.9370445,20.29685223,15.8,382,19.1,15.6,404.6093789,20.23046894,16.6,415.9511952,20.79755976
93,16.4,470.9723511,23.54861756,18,484.1530067,24.20765034,7.6,471.12903,23.5564515,14.8,406.287348,20.3143674,15,382,19.1,16.8,404.272681,20.21363405,17,416.5147417,20.82573709
94,14,470.5118029,23.52559014,17.4,484.7630167,24.23815083,6.6,470.2017904,23.51008952,14.1,406.6512879,20.3325644,14.4,382,19.1,16,403.93157,20.1965785,17.2,417.1041722,20.85520861
95,18,470.0433472,23.50216736,20.6,485.3706697,24.26853349,7.4,469.2472022,23.46236011,13.6,407.0278629,20.35139315,14,382,19.1,15.6,403.5859978,20.17929989,20,417.7181451,20.88590725
96,16.2,469.5673582,23.47836791,20,485.9755229,24.29877614,8,468.2693437,23.41346719,16.8,407.4160718,20.37080359,12.2,382,19.1,12.8,403.2359164,20.16179582,16,418.3553187,20.91776594
97,18.4,469.08421,23.4542105,20.2,486.5771333,24.32885666,7,467.2722935,23.36361468,15.6,407.8149132,20.39074566,16,382,19.1,15.4,402.8812789,20.14406395,15.2,419.0143517,20.95071758
98,17.4,468.5942769,23.42971384,21.4,487.1750579,24.3587529,6.4,466.26013,23.3130065,15,408.2233859,20.4111693,12.6,382,19.1,14.6,402.5221019,20.1261051,15,419.6939023,20.98469512
99,16.4,468.097933,23.40489665,18.6,487.7688539,24.38844269,6.6,465.2369315,23.26184658,11,408.6404887,20.43202443,13.8,382,19.1,15.6,402.1585003,20.10792502,15,420.3926291,21.01963146
100,16,467.5955526,23.37977763,19.4,488.3580783,24.41790391,6.6,464.2067766,23.21033883,15.4,409.0652202,20.45326101,14.8,382,19.1,17,401.7905974,20.08952987,16,421.1091905,21.05545953
101,19,467.0875098,23.35437549,18,488.9422881,24.44711441,7,463.1737435,23.15868718,12.2,409.4965793,20.47482896,14.9,382,19.1,13.4,401.4185166,20.07092583,17.2,421.842245,21.09211225
102,18.6,466.5741788,23.32870894,20,489.5210405,24.47605203,6.4,462.1419108,23.10709554,11.6,409.9335646,20.49667823,14.6,382,19.1,16.6,401.0423811,20.05211906,15.8,422.5904509,21.12952254
103,17,466.0559337,23.30279669,20.4,490.0938926,24.50469463,7.4,461.1153568,23.05576784,14.2,410.3751749,20.51875874,14.2,382,19.1,16.2,400.6623145,20.03311572,16.2,423.3524667,21.16762333
104,16,465.5331489,23.27665744,20.4,490.6604013,24.53302006,7,460.0981601,23.004908,12.6,410.8204089,20.54102044,14.4,382,19.1,15.2,400.2784399,20.013922,20,424.1269509,21.20634754
105,18,465.0061983,23.25030992,21.4,491.2201237,24.56100619,6.6,459.0943989,22.95471994,15.4,411.2682653,20.56341326,14.8,382,19.1,14.06,399.8908809,19.99454404,15.6,424.9125618,21.24562809
106,20,464.4754564,23.22377282,20,491.772617,24.58863085,6.8,458.1081517,22.90540759,12.6,411.7177429,20.58588714,12.6,382,19.1,15.4,399.4997606,19.97498803,13.5,425.7079581,21.2853979
107,16.4,463.9412971,23.19706486,20,492.3174382,24.61587191,7.4,457.143497,22.85717485,12.5,412.1678404,20.60839202,12.8,382,19.1,13.4,399.1052025,19.95526013,15.2,426.511798,21.3255899
108,19.5,463.4040948,23.17020474,20.8,492.8541443,24.64270721,7.8,456.2045131,22.81022566,14.2,412.6175565,20.63087783,13.4,382,19.1,14.8,398.7073299,19.9353665,14.2,427.3227401,21.366137
109,15.1,462.8642236,23.14321118,23.4,493.3822924,24.66911462,7.4,455.2952785,22.76476393,13.2,413.06589,20.6532945,16.8,382,19.1,10.2,398.3062662,19.91531331,15.4,428.1394427,21.40697213
110,18.6,462.3220576,23.11610288,22,493.9014396,24.69507198,8.4,454.4198717,22.72099358,14.6,413.5118397,20.67559198,12.7,382,19.1,14.4,397.9021348,19.89510674,14.2,428.9605643,21.44802822
111,17.3,461.7779711,23.08889856,20.8,494.411143,24.72055715,7,453.5823709,22.67911855,12.8,413.9544041,20.69772021,13.4,382,19.1,12.6,397.4950588,19.87475294,13.4,429.7847634,21.48923817
112,17,461.2323383,23.06161692,20.6,494.9109597,24.74554798,8,452.7868547,22.63934273,11.4,414.3925821,20.71962911,0,382,19.1,12.8,397.0851619,19.85425809,13.2,430.6106984,21.53053492
113,16.8,460.6855333,23.03427667,19.2,495.4004466,24.77002233,6.4,452.0374015,22.60187007,12.8,414.8253724,20.74126862,11,382,19.1,11,396.6725671,19.83362836,15,431.4370278,21.57185139
114,18,460.1379304,23.00689652,17.2,495.8791609,24.79395804,9,451.3380896,22.56690448,10.8,415.2517738,20.76258869,12.8,382,19.1,13,396.2573981,19.8128699,12.8,432.2624099,21.6131205
115,16.6,459.5899036,22.97949518,21,496.3466596,24.81733298,9.4,450.6929976,22.53464988,10.8,415.6707849,20.78353925,14,382,19.1,11.2,395.8397779,19.7919889,15.2,433.0855033,21.65427517
116,18.6,459.0418273,22.95209136,19.6,496.8024998,24.84012499,8.6,450.1062037,22.50531019,13,416.0814059,20.80407029,13.6,382,19.1,11.8,395.4198301,19.77099151,15.2,433.9049664,21.69524832
117,15.6,458.4940755,22.92470378,21.4,497.2462386,24.86231193,9.8,449.5817866,22.47908933,13,416.4828905,20.82414453,14.5,382,19.1,13.2,394.997678,19.7498839,16,434.7194575,21.73597288
118,21.3,457.9470225,22.89735113,20.6,497.6774331,24.88387165,4,449.1238245,22.45619122,11,416.8750581,20.8437529,11.6,382,19.1,12.2,394.573445,19.72867225,13.2,435.5276352,21.77638176
119,19,457.4010425,22.87005213,19.4,498.0956402,24.90478201,7,448.7363959,22.43681979,13,417.2578047,20.86289023,13.2,382,19.1,11.2,394.1472542,19.70736271,16,436.328158,21.8164079
120,18,456.8565096,22.84282548,20.8,498.5004171,24.92502086,9.2,448.4235792,22.42117896,14,417.6310265,20.88155133,11,382,19.1,11.4,393.7192293,19.68596146,13.4,437.1196841,21.85598421
121,15.8,456.3137981,22.8156899,18.4,498.8913209,24.94456605,8,448.1894528,22.40947264,13,417.9946198,20.89973099,11,382,19.1,14,393.2894934,19.66447467,15,437.9008722,21.89504361
122,15,455.773282,22.7886641,18,499.2679086,24.96339543,7.4,448.0380952,22.40190476,14,418.3484806,20.91742403,12.4,382,19.1,13.8,392.8581699,19.64290849,13.2,438.6703806,21.93351903
123,12,455.2353357,22.76176678,18.2,499.6297373,24.98148686,8,447.9735848,22.39867924,14,418.6925051,20.93462526,15.6,382,19.1,11.8,392.4253822,19.62126911,16,439.4268677,21.97134339
124,20.6,454.7003332,22.73501666,13.6,499.976364,24.9988182,6.6,448,22.4,14.8,419.0265896,20.95132948,10.8,382,19.1,12,391.9912536,19.59956268,11.5,440.1689921,22.0084496
125,14.3,454.1686488,22.70843244,19.6,500.3073459,25.01536729,7.2,448.1202921,22.40601461,13.8,419.3506301,20.96753151,9.6,382,19.1,12.8,391.5559076,19.57779538,12,440.8954121,22.04477061
126,17.6,453.6406567,22.68203283,20,500.6222399,25.031112,8,448.3329022,22.41664511,15.4,419.6645229,20.98322615,15.8,382,19.1,12.4,391.1194673,19.55597337,11,441.6047862,22.08023931
127,14.6,453.116731,22.65583655,14.2,500.9206032,25.04603016,8.4,448.6351444,22.43175722,16,419.9681641,20.99840821,10.6,382,19.1,12.8,390.6820563,19.53410281,15,442.2957729,22.11478865
128,16.5,452.5972459,22.62986229,19.6,501.2019928,25.06009964,8.4,449.0243326,22.45121663,14.2,420.2614499,21.01307249,13.8,382,19.1,13.4,390.2437977,19.51218989,13,442.9670306,22.14835153
129,12.4,452.0825756,22.60412878,16,501.4659658,25.07329829,8.8,449.4977808,22.47488904,13.4,420.5442764,21.02721382,13.6,382,19.1,14.2,389.8048151,19.49024076,12,443.6172176,22.18086088
130,17.2,451.5730944,22.57865472,18.2,501.7120793,25.08560397,7,450.052803,22.50264015,13,420.8165399,21.04082699,10.2,382,19.1,15,389.3652317,19.46826159,14,444.2449926,22.21224963
131,17.7,451.0691763,22.55345881,12,501.9398903,25.09699452,8.4,450.6867132,22.53433566,17.2,421.0781364,21.05390682,12.7,382,19.1,14.8,388.9251709,19.44625854,12,444.8490138,22.24245069
132,18,450.5711956,22.52855978,12.6,502.1489559,25.1074478,7.6,451.3968255,22.56984127,16.2,421.3289623,21.06644811,11.6,382,19.1,4.6,388.484756,19.4242378,12,445.4279399,22.27139699
133,17.6,450.0795264,22.50397632,11,502.3388332,25.11694166,8,452.1804537,22.60902269,17.6,421.5689135,21.07844568,12.8,382,19.1,10.6,388.0441104,19.40220552,12,445.9804291,22.29902145
134,15.9,449.594543,22.47972715,17,502.5090792,25.12545396,8,453.0349121,22.6517456,16.4,421.7978864,21.08989432,12,382,19.1,12.6,387.6033575,19.38016787,14,446.5051399,22.325257
135,17,449.1166195,22.45583098,14,502.6592511,25.13296255,7.2,453.9575144,22.69787572,15.4,422.015777,21.10078885,10,382,19.1,15.2,387.1626205,19.35813103,13,447.0007309,22.35003654
136,16,448.6461302,22.43230651,20.8,502.7889058,25.13944529,7,454.9455747,22.74727874,14,422.2224816,21.11112408,14,382,19.1,15.8,386.7220229,19.33610114,13,447.4658604,22.37329302
137,15.6,448.1834491,22.40917246,20.6,502.8976004,25.14488002,11.4,455.9964071,22.79982036,17,422.4178963,21.12089481,13,382,19.1,14.8,386.281688,19.3140844,13.6,447.8991868,22.39495934
138,18.6,447.7289505,22.38644753,20.3,502.9848921,25.1492446,5,457.1073255,22.85536628,13.2,422.6019172,21.13009586,12.7,382,19.1,16,385.8417391,19.29208695,12.2,448.2993686,22.41496843
139,16.6,447.2830086,22.36415043,17,503.0503378,25.15251689,7.4,458.275644,22.9137822,14,422.7744406,21.13872203,12.6,382,19.1,15.6,385.4022996,19.27011498,12.8,448.6650643,22.43325322
140,15.2,446.8459976,22.34229988,16.4,503.0934947,25.15467473,6,459.4986765,22.97493382,16.4,422.9353627,21.14676813,13.6,382,19.1,16.4,384.9634928,19.24817464,12.2,448.9949323,22.44974662
141,14.8,446.4182915,22.32091458,17.6,503.1139198,25.15569599,9,460.773737,23.03868685,14.6,423.0845795,21.15422898,12.6,382,19.1,13,384.5254422,19.22627211,13,449.2876311,22.46438155
142,17.8,446.0002648,22.30001324,18.4,503.1111702,25.15555851,8.4,462.0981395,23.10490698,17.4,423.2219873,21.16109937,11.6,382,19.1,9.6,384.088271,19.20441355,11,449.541819,22.47709095
143,11.2,445.5922914,22.27961457,15.8,503.0848029,25.15424014,8,463.4691981,23.1734599,14.6,423.3474822,21.16737411,11.8,382,19.1,14.2,383.6521025,19.18260513,11,449.7561545,22.48780773
144,15,445.1947456,22.25973728,15.8,503.0343751,25.15171875,8.2,464.8842267,23.24421133,13.8,423.4609605,21.17304802,14.8,382,19.1,11.6,383.2170603,19.16085301,13,449.9292962,22.49646481
145,18.2,444.8079923,22.24039961,15.1,502.9594648,25.14797324,7.6,466.3405393,23.31702696,16.2,423.5623181,21.17811591,13.1,382,19.1,13.4,382.7832675,19.13916338,12.6,450.0599549,22.50299774
146,15.7,444.4321817,22.22160908,16.4,502.860135,25.14300675,8.4,467.83545,23.3917725,12,423.6514515,21.18257257,17.4,382,19.1,11.4,382.3508476,19.11754238,12,450.1480515,22.50740258
147,14.6,444.0672494,22.20336247,15.6,502.7369335,25.13684668,8.4,469.3662727,23.46831363,12.4,423.7282566,21.18641283,12,382,19.1,13,381.9199239,19.09599619,11.6,450.1947167,22.50973583
148,12,443.7131219,22.18565609,15,502.5904291,25.12952146,7,470.9303214,23.54651607,11.8,423.7926297,21.18963149,13,382,19.1,11.2,381.4906197,19.07453098,12.2,450.2011335,22.51005667
149,18.4,443.3697253,22.16848626,16.6,502.4211906,25.12105953,9.2,472.5249102,23.62624551,11,423.844467,21.19222335,13.6,382,19.1,11,381.0630584,19.05315292,11.6,450.1684852,22.50842426
150,17,443.0369861,22.1518493,15,502.2297868,25.11148934,7.8,474.147353,23.70736765,14.4,423.8836646,21.19418323,11.2,382,19.1,15,380.6373634,19.03186817,14.6,450.0979549,22.50489775
151,17.4,442.7148305,22.13574153,17,502.0167865,25.10083932,6.8,475.7949638,23.78974819,15.8,423.9101187,21.19550593,15.2,382,19.1,13.4,380.213658,19.0106829,19,449.9907259,22.49953629
152,16.9,442.4031849,22.12015925,13.6,501.7827586,25.08913793,7,477.4650567,23.87325283,14,423.9237254,21.19618627,13.2,382,19.1,15,379.7920655,18.98960328,13.6,449.8479813,22.49239906
153,18,442.1019756,22.10509878,16,501.5282718,25.07641359,6.4,479.1549456,23.95774728,13,423.9243809,21.19621905,12.6,382,19.1,13.8,379.3727094,18.96863547,13,449.6709042,22.48354521
154,14.8,441.811129,22.09055645,17.9,501.2538951,25.06269476,9,480.8619446,24.04309723,14,423.9119815,21.19559907,12,382,19.1,13.2,378.9557128,18.94778564,12.4,449.460678,22.4730339
155,11.2,441.5305712,22.07652856,14.4,500.9601972,25.04800986,7.8,482.5833676,24.12916838,17,423.8864232,21.19432116,14,382,19.1,19,378.5411993,18.92705997,12.8,449.2184857,22.46092428
156,14.8,441.2602288,22.06301144,14.6,500.6477469,25.03238735,7.8,484.3165286,24.21582643,16,423.8476023,21.19238011,11.6,382,19.1,16.4,378.1292922,18.90646461,13.2,448.9455105,22.44727552
157,15.8,441.0000279,22.0500014,14.2,500.3171131,25.01585565,6.2,486.0587417,24.30293709,15,423.7954148,21.18977074,12.6,382,19.1,15.4,377.7201148,18.88600574,14.8,448.6429356,22.43214678
158,17.2,440.749895,22.03749475,13.8,499.9688645,24.99844323,7,487.8073208,24.39036604,14.4,423.7297571,21.18648785,14.4,382,19.1,16.6,377.3137904,18.86568952,13.4,448.3119442,22.41559721
159,13.4,440.5097563,22.02548781,9.2,499.6035701,24.9801785,8.2,489.55958,24.477979,15,423.6505251,21.18252626,13.5,382,19.1,16,376.9104424,18.84552212,14.2,447.9537195,22.39768598
160,20.4,440.2795382,22.01397691,14,499.2217986,24.96108993,8,491.3128332,24.56564166,11.4,423.5576152,21.17788076,14.8,382,19.1,15,376.5101942,18.82550971,12.2,447.5694447,22.37847224
161,19.4,440.0591669,22.00295835,13.8,498.8241188,24.94120594,7,493.0643945,24.65321972,12.2,423.4509235,21.17254618,13.8,382,19.1,14.2,376.1131691,18.80565845,12.2,447.1603029,22.35801515
162,18,439.8485689,21.99242844,13.4,498.4110996,24.92055498,7,494.8115778,24.74057889,12,423.3303461,21.16651731,13.2,382,19.1,0,375.7194904,18.78597452,12,446.7274773,22.33637387
163,19,439.6476703,21.98238352,15,497.9833097,24.89916549,7,496.5516972,24.82758486,11.4,423.1957793,21.15978896,12.2,382,19.1,0,375.3292816,18.76646408,12.2,446.2721511,22.31360756
164,17.8,439.4563977,21.97281988,12,497.5413181,24.8770659,6,498.2820666,24.91410333,10.8,423.0471191,21.15235596,12,382,19.1,0,374.9426659,18.7471333,13.6,445.7955075,22.28977538
165,17.2,439.2746772,21.96373386,11.2,497.0856935,24.85428467,8,500,25,12,422.8842618,21.14421309,10.6,382,19.1,0,374.5597668,18.72798834,13,445.2987297,22.26493648
166,15.8,439.1024352,21.95512176,14,496.6170047,24.83085023,7.4,501.7031929,25.08515964,12.6,422.7071036,21.13535518,11.2,382,19.1,0,374.1807075,18.70903537,12,444.7830008,22.23915004
167,16.4,438.9395981,21.9469799,13,496.1358206,24.80679103,6.8,503.3908779,25.16954389,12.6,422.5155405,21.12577703,12.4,382,19.1,0,373.8056114,18.69028057,13.6,444.249504,22.2124752
168,14.4,438.7860921,21.9393046,14.8,495.6427099,24.7821355,10,505.062669,25.25313345,13,422.3094688,21.11547344,13.2,382,19.1,0,373.4346019,18.67173009,13.6,443.6994226,22.18497113
169,13.2,438.6418436,21.93209218,14.4,495.1382416,24.75691208,7.6,506.7181802,25.33590901,12.6,422.0887847,21.10443924,10.7,382,19.1,12,373.0678023,18.65339011,12.2,443.1339396,22.15669698
170,16.6,438.5067788,21.92533894,15,494.6229844,24.73114922,8,508.3570256,25.41785128,12.6,421.8533843,21.09266921,12,382,19.1,14,372.7053359,18.6352668,12,442.5542383,22.12771191
171,14.4,438.3808242,21.91904121,14.2,494.0975071,24.70487536,6.6,509.9788192,25.49894096,13,421.6031637,21.08015819,10,382,19.1,13,372.3473262,18.61736631,12.8,441.9615018,22.09807509
172,16.8,438.263906,21.9131953,14.4,493.5623786,24.67811893,7.4,511.5831751,25.57915875,12.4,421.3380192,21.06690096,12.8,382,19.1,8.4,371.9938965,18.59969482,14.2,441.3569134,22.06784567
173,14.8,438.1559506,21.90779753,13,493.0181677,24.65090839,6.4,513.1697072,25.65848536,13.7,421.0578469,21.05289235,10.3,382,19.1,12,371.64517,18.5822585,14,440.7416562,22.03708281
174,16.2,438.0568843,21.90284421,11.8,492.4654432,24.62327216,8.4,514.7380297,25.73690148,11,420.7625973,21.03812986,10.6,382,19.1,12,371.3012703,18.56506351,10,440.1169133,22.00584567
175,14.6,437.9666334,21.89833167,14.6,491.9047739,24.5952387,7.6,516.2877565,25.81438782,13,420.4526188,21.02263094,10.8,382,19.1,12.6,370.9623205,18.54811603,12.2,439.4838681,21.9741934
176,15,437.8851242,21.89425621,14.6,491.3367287,24.56683643,6,517.8185016,25.89092508,12,420.1284388,21.00642194,10.4,382,19.1,12,370.6284442,18.53142221,12,438.8437036,21.94218518
177,10,437.812283,21.89061415,17.7,490.7618763,24.53809382,6,519.3298792,25.96649396,13.8,419.7905856,20.98952928,8,382,19.1,13,370.2997645,18.51498823,12,438.197603,21.90988015
178,15,437.7480363,21.88740181,15.6,490.1807856,24.50903928,6,520.8215032,26.04107516,11.8,419.4395874,20.97197937,11.4,382,19.1,9,369.9764049,18.49882025,10.4,437.5467495,21.87733748
179,21.4,437.6923102,21.88461551,14.4,489.5940255,24.47970127,6.4,522.2929877,26.11464938,12.2,419.0759724,20.95379862,11,382,19.1,13,369.6584888,18.48292444,14,436.8923264,21.84461632
180,16,437.6450312,21.88225156,10.8,489.0021646,24.45010823,6.8,523.7439466,26.18719733,11.6,418.700269,20.93501345,11.8,382,19.1,10,369.3461394,18.46730697,13,436.2355167,21.81177584
181,16.8,437.6061255,21.88030628,12.8,488.4057719,24.42028859,7,525.1739942,26.25869971,12.8,418.3130054,20.91565027,11.6,382,19.1,14,369.0394802,18.45197401,11.2,435.5775037,21.77887518
182,11.8,437.5755195,21.87877598,13.6,487.8054161,24.39027081,8.4,526.5827442,26.32913721,12.8,417.9147098,20.89573549,9.2,382,19.1,12,368.7386344,18.43693172,8.2,434.9194705,21.74597353
183,11.2,437.5531395,21.87765698,13.4,487.2016662,24.36008331,7.6,527.9698109,26.39849054,12.2,417.5059106,20.87529553,11.6,382,19.1,13.4,368.4437254,18.42218627,11,434.2626003,21.71313002
184,14.4,437.5389118,21.87694559,17.8,486.5950908,24.32975454,7.8,529.3348082,26.46674041,14.6,417.0871359,20.8543568,12.4,382,19.1,13.8,368.1548767,18.40774383,12.6,433.6080764,21.68040382
185,14.8,437.5327628,21.87663814,16,485.9862589,24.29931295,7.4,530.6773502,26.53386751,10.8,416.6589141,20.8329457,8.8,382,19.1,13.4,367.8722114,18.39361057,9.2,432.9570818,21.64785409
186,14.6,437.5346187,21.87673093,18.8,485.3757393,24.26878696,8,531.9970508,26.59985254,12.4,416.2217734,20.81108867,12,382,19.1,8.4,367.595853,18.37979265,13.2,432.3107998,21.61553999
187,14.8,437.5444059,21.87722029,17.6,484.7641007,24.23820503,7.4,533.2935242,26.66467621,11.2,415.776242,20.7888121,10.9,382,19.1,14.2,367.3259249,18.36629624,15,431.6704136,21.58352068
188,14,437.5620507,21.87810253,23.8,484.1519119,24.2075956,7,534.5663844,26.72831922,12.4,415.3228482,20.76614241,9,382,19.1,15,367.0625503,18.35312752,12,431.0371062,21.55185531
189,17,437.5874794,21.87937397,18,483.5397419,24.1769871,6,535.8152453,26.79076227,13.4,414.8621203,20.74310602,9.4,382,19.1,14.2,366.8058527,18.34029264,12.4,430.412061,21.52060305
190,9.2,437.6206184,21.88103092,12,482.9281595,24.14640797,6,537.0397211,26.85198605,11.6,414.3945866,20.71972933,9.2,382,19.1,15.8,366.5559554,18.32779777,9.2,429.7964611,21.48982305
191,14,437.661394,21.8830697,13,482.3177333,24.11588667,6.4,538.2394257,26.91197129,9.8,413.9207752,20.69603876,9.6,382,19.1,15.8,366.3129817,18.31564908,10,429.1914896,21.45957448
192,15.1,437.7097325,21.88548662,11,481.7090324,24.08545162,8.6,539.4139732,26.97069866,10.4,413.4412146,20.67206073,10.4,382,19.1,15.05,366.0770549,18.30385275,10,428.5983298,21.42991649
193,16,437.7655602,21.88827801,14.4,481.1026254,24.05513127,7.6,540.5629777,27.02814888,10,412.9564328,20.64782164,10.6,382,19.1,18,365.8482887,18.29241444,11.6,428.0181648,21.40090824
194,16,437.8288035,21.89144017,13.8,480.4990813,24.02495406,6.8,541.6860531,27.08430265,10.2,412.4669582,20.62334791,10.5,382,19.1,16.4,365.6266825,18.28133412,10.8,427.4521778,21.37260889
195,15.2,437.8993886,21.89496943,14.4,479.8989688,23.99494844,7.8,542.7828134,27.13914067,8.8,411.9733191,20.59866595,10,382,19.1,15.4,365.4121621,18.2706081,10.4,426.9015521,21.3450776
196,14,437.9772419,21.8988621,12.6,479.3028567,23.96514283,7.4,543.8528728,27.19264364,9.2,411.4760436,20.57380218,8.2,382,19.1,15.6,365.2046521,18.2602326,11.6,426.3674707,21.31837353
197,7.4,438.0622897,21.90311449,14.4,478.7113139,23.93556569,6.2,544.8958453,27.24479226,8.4,410.9756601,20.54878301,9.8,382,19.1,12,365.0040771,18.25020386,11.4,425.8511168,21.29255584
198,14,438.1544584,21.90772292,13,478.1249092,23.90624546,6.2,545.9113448,27.29556724,7.6,410.4726969,20.52363484,10.6,382,19.1,12,364.8103619,18.24051809,12,425.3536737,21.26768369
199,12.8,438.2536743,21.91268371,15.4,477.5442114,23.87721057,5,546.8989855,27.34494927,8,409.9676821,20.49838411,12,382,19.1,11,364.6234309,18.23117154,17.6,424.8763245,21.24381623
200,16.8,438.3598636,21.91799318,16.4,476.9697893,23.84848947,7,547.8583813,27.39291906,7.2,409.4611441,20.4730572,12.6,382,19.1,9.6,364.4432088,18.22216044,13,424.4202524,21.22101262
201,15.6,438.4729528,21.92364764,12.6,476.4022118,23.82011059,7.4,548.7891463,27.43945731,7.4,408.9536111,20.44768055,11.2,382,19.1,11.5,364.2696203,18.21348102,12.2,423.9866406,21.19933203
202,13.8,438.592868,21.9296434,15,475.8420477,23.79210238,6,549.6908944,27.48454472,7,408.4456113,20.42228057,10.2,382,19.1,11,364.1025899,18.2051295,11.2,423.5766723,21.17883361
203,13.6,438.7195358,21.93597679,14,475.2898657,23.76449329,6,550.5632399,27.52816199,8.4,407.9376731,20.39688365,11.4,382,19.1,12.2,363.9420423,18.19710212,11.8,423.1915306,21.15957653
204,11.5,438.8528823,21.94264411,13,474.7462348,23.73731174,6.2,551.4057966,27.57028983,9.8,407.4303246,20.37151623,10.4,382,19.1,6,363.7879021,18.1893951,12,422.8323987,21.14161993
205,14.8,438.9928339,21.9496417,15.4,474.2117237,23.71058619,6.8,552.2181786,27.61090893,11.2,406.9240942,20.34620471,12.6,382,19.1,7.4,363.6400939,18.18200469,11.2,422.5004598,21.12502299
206,12.4,439.139317,21.95696585,13.2,473.6869013,23.68434506,5,553,27.65,7.2,406.4195101,20.32097551,12,382,19.1,8.4,363.4985423,18.17492711,12,422.1968971,21.10984486
207,13,439.2922577,21.96461289,11.6,473.1723363,23.65861682,5,553.7509755,27.68754878,8,405.9171006,20.29585503,12.6,382,19.1,11.8,363.3631719,18.1681586,11.6,421.9228938,21.09614469
208,11,439.4515826,21.97257913,12.2,472.6685977,23.63342988,5.2,554.4712297,27.72356149,9.6,405.4173939,20.2708697,11.3,382,19.1,7.8,363.2339074,18.16169537,12.2,421.679633,21.08398165
209,13.2,439.6172179,21.98086089,12.8,472.1762541,23.60881271,5.6,555.1609878,27.75804939,11,404.9209183,20.24604591,12.2,382,19.1,13,363.1106734,18.15553367,12.6,421.468298,21.0734149
210,12.2,439.7890899,21.98945449,11,471.6958745,23.58479372,5.8,555.8204752,27.79102376,12.2,404.428202,20.2214101,10.4,382,19.1,8.5,362.9933945,18.14966973,10.4,421.2900719,21.06450359
211,12,439.9671249,21.99835624,15.4,471.2280276,23.56140138,4.6,556.449917,27.82249585,12,403.9397734,20.19698867,10.8,382,19.1,13.2,362.8819953,18.14409977,10,421.1461378,21.05730689
212,10.9,440.1512493,22.00756246,13.4,470.7732824,23.53866412,4.8,557.0495386,27.85247693,10,403.4561606,20.17280803,12.4,382,19.1,9.4,362.7764005,18.13882002,11.9,421.037679,21.05188395
213,12.4,440.3413894,22.01706947,12.6,470.3322075,23.51661037,4.4,557.6195653,27.88097827,9.6,402.9778919,20.1488946,13.8,382,19.1,9.4,362.6765346,18.13382673,12.6,420.9658787,21.04829394
214,9.2,440.5374714,22.02687357,12.6,469.9053718,23.49526859,4,558.1602224,27.90801112,10,402.5054957,20.12527478,12,382,19.1,12,362.5823223,18.12911611,11.6,420.93192,21.046596
215,9.4,440.7394219,22.03697109,13.2,469.4933442,23.47466721,4,558.671735,27.93358675,10.2,402.0395001,20.101975,12.4,382,19.1,8.6,362.4936882,18.12468441,8,420.9369862,21.04684931
216,12.2,440.9471669,22.04735835,14.8,469.0966934,23.45483467,5.6,559.1543286,27.95771643,10.2,401.5804334,20.07902167,10.6,382,19.1,12.6,362.4105568,18.12052784,10.4,420.9822603,21.04911302
217,12.4,441.1606326,22.05803163,15.8,468.7159325,23.43579663,3.8,559.6082284,27.98041142,9.4,401.1288239,20.05644119,10.2,382,19.1,6,362.332853,18.11664265,10.4,421.0688016,21.05344008
218,12.2,441.3797412,22.06898706,11.8,468.3510893,23.41755447,4,560.0336596,28.00168298,10.2,400.6851998,20.03425999,14.6,382,19.1,11,362.2605012,18.11302506,11.8,421.1965895,21.05982947
219,16,441.6044133,22.08022066,11,468.0019416,23.40009708,3,560.4308477,28.02154238,11.8,400.2500894,20.01250447,13,382,19.1,12.2,362.193426,18.1096713,11.8,421.3650476,21.06825238
220,12.6,441.8345693,22.09172847,11.6,467.6682652,23.38341326,4,560.8000177,28.04000089,10.2,399.8240209,19.99120105,12,382,19.1,11.6,362.1315521,18.10657761,10.6,421.5735949,21.07867975
221,11,442.0701299,22.1035065,12.2,467.3498358,23.36749179,4.2,561.1413951,28.05706975,9.8,399.4075227,19.97037613,12.2,382,19.1,9.2,362.0748042,18.10374021,12.89,421.8216504,21.09108252
222,9.2,442.3110155,22.11555078,8,467.0464293,23.35232146,4,561.455205,28.07276025,6.8,399.0011229,19.95005615,12.66,382,19.1,12,362.0231068,18.10115534,10.8,422.1086332,21.10543166
223,11.1,442.5571467,22.12785734,10.4,466.7578213,23.33789107,4,561.7416729,28.08708365,7.2,398.6053499,19.93026749,12.8,382,19.1,12,361.9763845,18.09881923,9.5,422.4339621,21.12169811
224,10,442.808444,22.1404222,12.4,466.4837878,23.32418939,5,562.0010239,28.1000512,6.6,398.2207319,19.91103659,11.8,382,19.1,9,361.934562,18.0967281,11.4,422.7970563,21.13985281
225,12.4,443.0648278,22.15324139,11,466.2241044,23.31120522,4,562.2334834,28.11167417,6.6,397.8477971,19.89238985,12.8,382,19.1,11.6,361.8975639,18.09487819,10.8,423.1973346,21.15986673
226,11,443.3262188,22.16631094,12.8,465.978547,23.29892735,3.8,562.4392766,28.12196383,6.4,397.4870738,19.87435369,13.4,382,19.1,12.4,361.8653148,18.09326574,9.6,423.6342162,21.18171081
227,11.6,443.5925375,22.17962687,13,465.7468913,23.28734456,3,562.6186288,28.13093144,6.6,397.1390904,19.85695452,14.4,382,19.1,11.4,361.8377393,18.09188696,9,424.1071199,21.205356
228,11,443.8637043,22.19318522,14,465.5289131,23.27644565,1.4,562.7717653,28.13858827,7,396.8043749,19.84021875,13,382,19.1,11,361.814762,18.0907381,7.6,424.6154648,21.23077324
229,12,444.1396398,22.20698199,9.6,465.3243881,23.26621941,4,562.8989114,28.14494557,6.4,396.4834558,19.82417279,11.7,382,19.1,11,361.7963076,18.08981538,11.6,425.15867,21.2579335
230,10.4,444.4202645,22.22101323,10.8,465.1330923,23.25665461,6.2,563.0002924,28.15001462,10.2,396.1768612,19.80884306,11.8,382,19.1,12,361.7823007,18.08911504,10,425.7361543,21.28680771
231,12,444.705499,22.23527495,9,464.9548012,23.24774006,3,563.0761335,28.15380667,9.4,395.8851114,19.79425557,11.4,382,19.1,7.2,361.7726659,18.0886333,7,426.3473367,21.31736684
232,8,444.9952637,22.24976319,9.6,464.7892908,23.23946454,4.4,563.12666,28.156333,11,395.6083978,19.78041989,10.4,382,19.1,7.8,361.7673278,18.08836639,8.6,426.9916364,21.34958182
233,9.6,445.2894792,22.26447396,10.8,464.6363368,23.23181684,4,563.1520972,28.15760486,10.8,395.346484,19.7673242,9.6,382,19.1,9.2,361.7662111,18.08831055,11,427.6684722,21.38342361
234,11,445.588066,22.2794033,8.8,464.495715,23.22478575,3,563.1526704,28.15763352,11.4,395.0991056,19.75495528,12,382,19.1,10,361.7692403,18.08846201,13.1,428.3772632,21.41886316
235,10.2,445.8909447,22.29454723,11,464.3672011,23.21836006,3,563.1286049,28.15643024,12,394.8659985,19.74329993,12.4,382,19.1,9.6,361.77634,18.088817,13,429.1174284,21.45587142
236,10,446.1980356,22.30990178,10.6,464.250571,23.21252855,3,563.0801259,28.15400629,9,394.6468983,19.73234492,12.1,382,19.1,11,361.787435,18.08937175,10.2,429.8883867,21.49441934
237,10.8,446.5092595,22.32546297,10.4,464.1456003,23.20728002,2.5,563.0074587,28.15037294,9.2,394.4415408,19.72207704,10.8,382,19.1,12,361.8024498,18.09012249,13,430.6895572,21.53447786
238,9.2,446.8245367,22.34122683,10.8,464.052065,23.20260325,2.5,562.9108287,28.14554144,8.4,394.2496616,19.71248308,11,382,19.1,8,361.821309,18.09106545,10.8,431.5203589,21.57601794
239,11,447.1437878,22.35718939,11,463.9697407,23.19848704,1.5,562.7904611,28.13952305,11,394.0709966,19.70354983,14,382,19.1,0,361.8439373,18.09219686,10,432.3802107,21.61901053
240,9,447.4669334,22.37334667,13,463.8984033,23.19492016,1.5,562.6465811,28.13232906,13.6,393.9052813,19.69526406,10.8,382,19.1,9.8,361.8702592,18.09351296,5.8,433.2685316,21.66342658
241,6.2,447.7938939,22.3896947,9.8,463.8378285,23.19189142,2.3,562.4794141,28.1239707,11,393.7522516,19.68761258,12.4,382,19.1,15.2,361.9001994,18.09500997,8.2,434.1847407,21.70923704
242,7.6,448.1245899,22.40622949,7.4,463.7877921,23.1893896,2.7,562.2891853,28.11445927,11.4,393.6116431,19.68058215,13,382,19.1,10,361.9336826,18.09668413,8.6,435.128257,21.75641285
243,8.4,448.4589419,22.42294709,6.4,463.7480699,23.18740349,2.3,562.0761201,28.103806,10.8,393.4831915,19.67415958,10.8,382,19.1,10,361.9706332,18.09853166,9.8,436.0984994,21.80492497
244,7,448.7968704,22.43984352,7,463.7184376,23.18592188,1,561.8404437,28.09202218,13.8,393.3666327,19.66833164,11.6,382,19.1,0,362.010976,18.1005488,8.8,437.0948869,21.85474435
245,5,449.138296,22.4569148,7.8,463.6986711,23.18493355,2,561.5823813,28.07911907,12.6,393.2617023,19.66308511,10,382,19.1,6.2,362.0546356,18.10273178,7.8,438.1168386,21.90584193
246,9.4,449.4831391,22.47415695,7,463.6885461,23.1844273,1,561.3021583,28.06510792,12.2,393.1681359,19.6584068,11,382,19.1,8.8,362.1015365,18.10507683,12.2,439.1637734,21.95818867
247,11.8,449.8313203,22.49156601,8.2,463.6878384,23.18439192,4,561,28.05,10.6,393.0856694,19.65428347,11.4,382,19.1,2.4,362.1516035,18.10758017,8.6,440.2351104,22.01175552
248,11.6,450.1827601,22.509138,9,463.6963238,23.18481619,2.5,560.6761814,28.03380907,9.8,393.0140385,19.65070192,12.6,382,19.1,3.4,362.2047611,18.11023805,7.6,441.3302684,22.06651342
249,12.2,450.537379,22.52686895,8.8,463.713778,23.1856889,2.2,560.3311822,28.01655911,8,392.9529788,19.64764894,11.4,382,19.1,9.2,362.2609339,18.11304669,7.8,442.4486666,22.12243333
250,11.6,450.8950976,22.54475488,7,463.7399769,23.18699884,2.2,559.965532,27.9982766,9,392.9022261,19.64511131,11.4,382,19.1,8.2,362.3200466,18.11600233,7.6,443.5897239,22.1794862
251,13,451.2558364,22.56279182,9.4,463.7746962,23.18873481,2.8,559.5797602,27.97898801,0,392.8615162,19.64307581,11.2,382,19.1,8.4,362.3820237,18.11910119,6.4,444.7528594,22.23764297
252,11.6,451.6195158,22.58097579,8.6,463.8177116,23.19088558,1.5,559.1743965,27.95871982,0,392.8305846,19.64152923,11,382,19.1,8.2,362.44679,18.1223395,8.4,445.9374919,22.2968746
253,11,451.9860565,22.59930282,9,463.8687991,23.19343995,3,558.7499702,27.93749851,0,392.8091672,19.64045836,12.4,382,19.1,0,362.51427,18.1257135,5.6,447.1430406,22.35715203
254,13.2,452.3553789,22.61776895,8.8,463.9277342,23.19638671,2,558.307011,27.91535055,0,392.7969997,19.63984999,12.6,382,19.1,0,362.5843883,18.12921941,7.3,448.3689244,22.41844622
255,13,452.7274036,22.63637018,8,463.994293,23.19971465,3.5,557.8460483,27.89230241,0,392.7938178,19.63969089,10,382,19.1,0,362.6570695,18.13285348,5.6,449.6145622,22.48072811
256,11.6,453.102051,22.65510255,7.2,464.068251,23.20341255,0,557.3676116,27.86838058,0,392.7993571,19.63996786,10.8,382,19.1,0,362.7322384,18.13661192,3,450.8793732,22.54396866
257,12.6,453.4792418,22.67396209,5.4,464.1493841,23.2074692,0,556.8722305,27.84361153,0,392.8133535,19.64066767,10.5,382,19.1,0,362.8098194,18.14049097,4.4,452.1627763,22.60813881
258,10,453.8588963,22.69294482,8.8,464.237468,23.2118734,0,556.3604345,27.81802172,6,392.8355426,19.64177713,11,382,19.1,0,362.8897372,18.14448686,7.2,453.4641904,22.67320952
259,12.4,454.2409353,22.71204676,7.6,464.3322786,23.21661393,0,555.832753,27.79163765,8,392.8656601,19.64328301,12.6,382,19.1,0,362.9719165,18.14859583,8,454.7830347,22.73915174
260,8.2,454.625279,22.73126395,6.8,464.4335917,23.22167958,0,555.2897157,27.76448578,9,392.9034418,19.64517209,11.4,382,19.1,0,363.0562818,18.15281409,8,456.1187281,22.8059364
261,8.6,455.0118482,22.75059241,8.4,464.5411829,23.22705914,0,554.7318519,27.7365926,7,392.9486235,19.64743117,11.6,382,19.1,0,363.1427578,18.15713789,7,457.4706895,22.87353448
262,9.8,455.4005633,22.77002817,8,464.6548281,23.2327414,0,554.1596913,27.70798457,0,393.0009407,19.65004703,9.8,382,19.1,0,363.2312691,18.16156345,8.8,458.838338,22.9419169
263,9.6,455.7913448,22.78956724,9,464.774303,23.23871515,0,553.5737634,27.67868817,0,393.0601292,19.65300646,11,382,19.1,0,363.3217403,18.16608701,7.2,460.2210926,23.01105463
264,10.2,456.1841133,22.80920567,6.6,464.8993835,23.24496918,0,552.9745975,27.64872988,0,393.1259248,19.65629624,10.2,382,19.1,0,363.414096,18.1707048,0,461.6183723,23.08091862
265,9.4,456.5787893,22.82893946,7.8,465.0298453,23.25149227,0,552.3627234,27.61813617,0,393.1980632,19.65990316,9,382,19.1,0,363.5082608,18.17541304,0,463.0295961,23.1514798
266,10.4,456.9752932,22.84876466,5,465.1654642,23.25827321,0,551.7386704,27.58693352,0,393.27628,19.663814,14,382,19.1,0,363.6041595,18.18020797,0,464.4541829,23.22270915
267,10.4,457.3735457,22.86867728,0,465.306016,23.2653008,0,551.1029681,27.55514841,0,393.3603111,19.66801555,10.7,382,19.1,0,363.7017165,18.18508582,0,465.8915518,23.29457759
268,11.2,457.7734672,22.88867336,0,465.4512764,23.27256382,0,550.4561461,27.5228073,0,393.449892,19.6724946,11,382,19.1,0,363.8008565,18.19004282,0,467.3411218,23.36705609
269,11.4,458.1749783,22.90874891,0,465.6010213,23.28005106,0,549.7987337,27.48993669,0,393.5447586,19.67723793,12,382,19.1,0,363.9015041,18.1950752,0,468.8023118,23.44011559
270,10.8,458.5779995,22.92889997,0,465.7550263,23.28775131,0,549.1312606,27.45656303,0,393.6446466,19.68223233,10,382,19.1,0,364.0035839,18.2001792,0,470.2745409,23.51372704
271,11,458.9824512,22.94912256,0,465.9130673,23.29565337,0,548.4542563,27.42271281,0,393.7492916,19.68746458,10.1,382,19.1,0,364.1070207,18.20535103,0,471.757228,23.5878614
272,11.6,459.3882541,22.96941271,0,466.0749201,23.30374601,0,547.7682502,27.38841251,0,393.8584294,19.69292147,10,382,19.1,0,364.2117389,18.21058694,0,473.2497922,23.66248961
273,10,459.7953287,22.98976643,0,466.2403605,23.31201802,0,547.0737719,27.35368859,0,393.9717957,19.69858979,10,382,19.1,0,364.3176631,18.21588316,0,474.7516525,23.73758262
274,9.2,460.2035954,23.01017977,0,466.4091641,23.32045821,0,546.3713508,27.31856754,0,394.0891263,19.70445631,12.4,382,19.1,0,364.4247182,18.22123591,0,476.2622278,23.81311139
275,10,460.6129748,23.03064874,0,466.5811069,23.32905534,0,545.6615166,27.28307583,0,394.2101568,19.71050784,10.6,382,19.1,0,364.5328285,18.22664142,0,477.7809371,23.88904686
276,9.6,461.0233875,23.05116937,0,466.7559645,23.33779823,0,544.9447987,27.24723994,0,394.3346229,19.71673115,11.6,382,19.1,0,364.6419188,18.23209594,0,479.3071995,23.96535997
277,11,461.4347539,23.07173769,0,466.9335128,23.34667564,0,544.2217267,27.21108633,0,394.4622605,19.72311302,10.4,382,19.1,0,364.7519137,18.23759568,0,480.8404339,24.04202169
278,11.4,461.8469945,23.09234973,0,467.1135275,23.35567638,0,543.49283,27.1746415,0,394.5928051,19.72964026,11.1,382,19.1,0,364.8627377,18.24313689,0,482.3800593,24.11900297
279,11.6,462.2600299,23.1130015,0,467.2957845,23.36478922,0,542.7586381,27.13793191,0,394.7259926,19.73629963,9.8,382,19.1,0,364.9743156,18.24871578,0,483.9254948,24.19627474
280,11,462.6737806,23.13368903,0,467.4800594,23.37400297,0,542.0196806,27.10098403,0,394.8615586,19.74307793,10.8,382,19.1,0,365.0865719,18.25432859,0,485.4761593,24.27380797
281,9.8,463.0881672,23.15440836,0,467.6661281,23.3833064,0,541.276487,27.06382435,0,394.9992388,19.74996194,9.4,382,19.1,0,365.1994312,18.25997156,0,487.0314719,24.35157359
282,9.4,463.5031101,23.1751555,0,467.8537663,23.39268832,0,540.5295869,27.02647934,0,395.138769,19.75693845,10.8,382,19.1,0,365.3128182,18.26564091,0,488.5908514,24.42954257
283,10.3,463.9185299,23.19592649,0,468.0427499,23.4021375,0,539.7795096,26.98897548,0,395.2798849,19.76399425,7.8,382,19.1,0,365.4266575,18.27133288,0,490.153717,24.50768585
284,9.4,464.334347,23.21671735,0,468.2328546,23.41164273,0,539.0267848,26.95133924,0,395.4223223,19.77111611,8.2,382,19.1,0,365.5408738,18.27704369,0,491.7194876,24.58597438
285,8.6,464.7504821,23.2375241,0,468.4238562,23.42119281,0,538.2719419,26.91359709,0,395.5658167,19.77829084,8.1,382,19.1,0,365.6553915,18.28276957,0,493.2875822,24.66437911
286,9.8,465.1668556,23.25834278,0,468.6155304,23.43077652,0,537.5155104,26.87577552,0,395.710104,19.7855052,8,382,19.1,0,365.7701354,18.28850677,0,494.8574198,24.74287099
287,10,465.5833881,23.2791694,0,468.8076531,23.44038265,0,536.75802,26.837901,0,395.8549199,19.79274599,8.4,382,19.1,0,365.88503,18.2942515,0,496.4284194,24.82142097
288,8.2,466,23.3,0,469,23.45,0,536,26.8,0,396,19.8,0,382,19.1,0,366,18.3,0,498,24.9
